Emp_ID,Employee_Name,Emp_Mail,Emp_SSN
1,Nathan Brown,amywilson@hotmail.com,789-17-6753
2,Bridget Miller,michaelthompson@yahoo.com,256-19-9521
3,Troy Lutz,sarah68@yahoo.com,307-45-2937
4,Kimberly Booth,teresaevans@yahoo.com,570-49-6342
5,Ryan Williams,javier53@yahoo.com,502-29-6560
6,Jessica Ross,lisareyes@hotmail.com,106-04-3952
7,Robin Page,ortizjordan@yahoo.com,634-64-3947
8,Dawn Maynard,walkerjoshua@yahoo.com,242-92-7878
9,David Davis,xmunoz@gmail.com,002-08-3353
10,Cynthia Harris,wheelerfelicia@hotmail.com,431-25-9297
11,Jeffrey James,frankowens@hotmail.com,536-68-6405
12,Michelle Blankenship,hsutton@hotmail.com,330-94-8730
13,Ernest Smith,shepherdjennifer@gmail.com,755-30-8636
14,Matthew Kim,johatfield@hotmail.com,553-92-2819
15,Elizabeth Walker,jason02@gmail.com,476-02-3354
16,Crystal Henderson,georgeamber@gmail.com,837-76-9488
17,Kenneth Fernandez,zharrington@yahoo.com,195-74-7036
18,Justin Love,heather34@hotmail.com,239-16-6300
19,Kristen Mata,wilsonvalerie@gmail.com,854-46-0395
20,Michael Elliott,glenn22@yahoo.com,592-88-4880
21,Makayla Valenzuela,craig93@gmail.com,400-39-0212
22,Brenda Spence,rachelwhite@yahoo.com,721-37-8366
23,Shaun Larsen,kellyarias@hotmail.com,292-37-9304
24,Joe Henry,vtaylor@gmail.com,533-49-2043
25,Ashley Smith,robertgrant@yahoo.com,282-34-6473
26,Brandon Fuller,gonzalezjenna@gmail.com,684-13-0559
27,Mark Miranda,kellyperry@hotmail.com,180-26-5527
28,Jeffrey Taylor,aallen@yahoo.com,031-95-4267
29,Angela Fowler,tcarter@yahoo.com,877-91-5737
30,Valerie Smith,kathleen71@gmail.com,889-60-9555
